key,value
1,620.686182078229
10,2538.77937182991
100,3513.08326997975
1000,3613.36463385205
10000,1730.00395839601
100000,1452.14185657496
1000000,781.696211065044
10000000,785.180005943648
100000000,774.023912911090
